Feature,Importance
FIFA_Rank,0.3309903593633943
Win_Rate,0.1811759549176567
Goals_For,0.16676972784151806
FIFA_Points,0.14885130735672716
Goal_Difference,0.09939779311273238
Goals_Against,0.0728148574079714
