Team,Finalist_Prob_RF
Germany,0.7323642857142856
Netherlands,0.693660101010101
Brazil,0.6557643524355248
Colombia,0.6462267676767677
France,0.6462267676767677
Argentina,0.6023155032555263
Algeria,0.5186419529358435
Australia,0.5136913853403842
Cameroon,0.4996234410895131
Costa Rica,0.4993940577076102
