Team,Finalist_Prob_LR
Germany,0.9998827396387863
Netherlands,0.9983211102260422
Brazil,0.9961064776266383
Colombia,0.9928072710613263
France,0.9811365397046389
Argentina,0.9748525953730411
Belgium,0.9440287769342379
Switzerland,0.9213056173023814
Chile,0.9040213855073342
Algeria,0.8936323318146706
