Team,Prob_RF
Germany,1.0
Argentina,1.0
Colombia,1.0
Netherlands,1.0
France,0.9757757982757983
Belgium,0.9645457875457876
Chile,0.9264652780942255
Mexico,0.9261961852589561
Switzerland,0.9250264818973022
Croatia,0.8994324158040101
