Team,Prob_GB
Germany,0.999999994275433
Argentina,0.999999994275433
Colombia,0.999999994275433
Belgium,0.999999994275433
Netherlands,0.999999994275433
France,0.9999999939612421
Spain,0.9999999939487714
Portugal,0.9999999939487714
Uruguay,0.9999999939487714
Switzerland,0.9999999936537616
