,Accuracy,Precision,Recall,F1,ROC-AUC
Optimized RF,0.8285714285714286,0.875,0.875,0.875,0.8712121212121211
Gradient Boosting,0.7428571428571429,0.8260869565217391,0.7916666666666666,0.8085106382978723,0.821969696969697
