,Accuracy,Precision,Recall,F1,ROC-AUC
Logistic Regression,0.8,0.84,0.875,0.8571428571428571,0.8825757575757576
Random Forest,0.8,0.84,0.875,0.8571428571428571,0.8712121212121212
